name	command	threads	rep	comparison	status
large_float_string_2048s	view_bcf	0	1	baseline_vs_plan	ok
large_float_string_2048s	view_bcf	0	2	baseline_vs_plan	ok
large_float_string_2048s	view_bcf	0	3	baseline_vs_plan	ok
large_float_string_2048s	view_bcf	0	4	baseline_vs_plan	ok
large_float_string_2048s	view_bcf	0	5	baseline_vs_plan	ok
large_float_string_2048s	view_keep2_bcf	0	1	baseline_vs_plan	ok
large_float_string_2048s	view_keep2_bcf	0	2	baseline_vs_plan	ok
large_float_string_2048s	view_keep2_bcf	0	3	baseline_vs_plan	ok
large_float_string_2048s	view_keep2_bcf	0	4	baseline_vs_plan	ok
large_float_string_2048s	view_keep2_bcf	0	5	baseline_vs_plan	ok
large_float_string_2048s	view_sites_bcf	0	1	baseline_vs_plan	ok
large_float_string_2048s	view_sites_bcf	0	2	baseline_vs_plan	ok
large_float_string_2048s	view_sites_bcf	0	3	baseline_vs_plan	ok
large_float_string_2048s	view_sites_bcf	0	4	baseline_vs_plan	ok
large_float_string_2048s	view_sites_bcf	0	5	baseline_vs_plan	ok
large_float_string_2048s	query_sites	0	1	baseline_vs_plan	ok
large_float_string_2048s	query_sites	0	2	baseline_vs_plan	ok
large_float_string_2048s	query_sites	0	3	baseline_vs_plan	ok
large_float_string_2048s	query_sites	0	4	baseline_vs_plan	ok
large_float_string_2048s	query_sites	0	5	baseline_vs_plan	ok
large_float_string_2048s	query_gt_keep2	0	1	baseline_vs_plan	ok
large_float_string_2048s	query_gt_keep2	0	2	baseline_vs_plan	ok
large_float_string_2048s	query_gt_keep2	0	3	baseline_vs_plan	ok
large_float_string_2048s	query_gt_keep2	0	4	baseline_vs_plan	ok
large_float_string_2048s	query_gt_keep2	0	5	baseline_vs_plan	ok
large_float_string_2048s	query_gt_all	0	1	baseline_vs_plan	ok
large_float_string_2048s	query_gt_all	0	2	baseline_vs_plan	ok
large_float_string_2048s	query_gt_all	0	3	baseline_vs_plan	ok
large_float_string_2048s	query_gt_all	0	4	baseline_vs_plan	ok
large_float_string_2048s	query_gt_all	0	5	baseline_vs_plan	ok
large_float_string_2048s	stats	0	1	baseline_vs_plan	ok
large_float_string_2048s	stats	0	2	baseline_vs_plan	ok
large_float_string_2048s	stats	0	3	baseline_vs_plan	ok
large_float_string_2048s	stats	0	4	baseline_vs_plan	ok
large_float_string_2048s	stats	0	5	baseline_vs_plan	ok
large_float_string_2048s	filter_gt_keep2	0	1	baseline_vs_plan	ok
large_float_string_2048s	filter_gt_keep2	0	2	baseline_vs_plan	ok
large_float_string_2048s	filter_gt_keep2	0	3	baseline_vs_plan	ok
large_float_string_2048s	filter_gt_keep2	0	4	baseline_vs_plan	ok
large_float_string_2048s	filter_gt_keep2	0	5	baseline_vs_plan	ok
